{
  "accuracy": 0.84,
  "macro_f1": 0.6975871914839051,
  "weighted_f1": 0.7792654618401098,
  "classification_report": {
    "Belanja": {
      "precision": 0.5365853658536586,
      "recall": 1.0,
      "f1-score": 0.6984126984126984,
      "support": 44.0
    },
    "Freelance": {
      "precision": 1.0,
      "recall": 1.0,
      "f1-score": 1.0,
      "support": 92.0
    },
    "Gaji": {
      "precision": 1.0,
      "recall": 1.0,
      "f1-score": 1.0,
      "support": 88.0
    },
    "Hiburan": {
      "precision": 0.6323529411764706,
      "recall": 1.0,
      "f1-score": 0.7747747747747747,
      "support": 43.0
    },
    "Kesehatan": {
      "precision": 0.7073170731707317,
      "recall": 1.0,
      "f1-score": 0.8285714285714286,
      "support": 29.0
    },
    "Makan & Minum": {
      "precision": 0.0,
      "recall": 0.0,
      "f1-score": 0.0,
      "support": 39.0
    },
    "Tagihan & Utilitas": {
      "precision": 0.0,
      "recall": 0.0,
      "f1-score": 0.0,
      "support": 41.0
    },
    "Transfer": {
      "precision": 1.0,
      "recall": 1.0,
      "f1-score": 1.0,
      "support": 20.0
    },
    "Transportasi": {
      "precision": 0.9541284403669725,
      "recall": 1.0,
      "f1-score": 0.9765258215962441,
      "support": 104.0
    },
    "accuracy": 0.84,
    "macro avg": {
      "precision": 0.6478204245075371,
      "recall": 0.7777777777777778,
      "f1-score": 0.6975871914839051,
      "support": 500.0
    },
    "weighted avg": {
      "precision": 0.7410849709765311,
      "recall": 0.84,
      "f1-score": 0.7792654618401098,
      "support": 500.0
    }
  }
}